Name,Age,Weight,Height,Heartbeat,Pressure,Body Temp,Breath Temp,Dosage
jai,30,90.0,120.0,34,34,44.0,23.0,3.09197689708866
jai,30,90.0,120.0,34,37,44.0,23.0,3.036605614070279
jai,30,90.0,120.0,34,37,44.0,23.0,3.036605614070279
Jai,20,60.0,120.0,120,50,25.0,12.0,6.501187702610821
