Name,Age,Weight,Height,Heartbeat,Pressure,Body Temp,Breath Temp,Dosage
Kumaran,58,96.0,170.0,55,60,50.0,6.0,-3.1248613206807043
Kumaran,55,65.0,170.0,120,120,58.0,85.0,1.4490043959414969
